type,seq_id,position,mutation,annotation,gene,description,mut_id,strains_present_breseq,strains_present_manual_annotation,Expected_KO,mut_type,is_mobile_element,Prevalence,ftsZ2,NRC-1,cdrS,troR,sirR,idr2,gapD,copR,trmB,cspD2,idr1,tfbA,tfbB,tfbC,tfbD,tfbE,hpyA,ura3_AKS,mc1,hpyA/mc1,aglB
DEL,NC_001869,1,Δ191346 bp,NA,VNG_RS12210–VNG_RS13145,"200 genes; VNG_RS12210, VNG_RS12215, VNG_RS12220, VNG_RS12225, VNG_RS13740, VNG_RS14520, VNG_RS13745, VNG_RS13750, VNG_RS13755, VNG_RS12260, VNG_RS12265, VNG_RS14525, VNG_RS14530, gvpM, gvpL, gvpK, gvpJ, gvpI, gvpH, gvpG, gvpF, gvpE, gvpD, gvpA, gvpC, gvpN, gvpO, VNG_RS12340, VNG_RS12345, VNG_RS12350, VNG_RS12355, VNG_RS12360, VNG_RS12365, VNG_RS12370, VNG_RS12375, VNG_RS12380, VNG_RS12385, VNG_RS12390, VNG_RS12395, VNG_RS12400, VNG_RS12405, VNG_RS12410, VNG_RS12415, VNG_RS12420, VNG_RS12425, VNG_RS12430, VNG_RS12435, VNG_RS12440, VNG_RS12445, VNG_RS12450, VNG_RS12455, VNG_RS12460, VNG_RS12465, VNG_RS12470, VNG_RS12475, VNG_RS14325, VNG_RS12480, VNG_RS12485, trxA, VNG_RS14535, VNG_RS12505, VNG_RS13765, VNG_RS12515, fni, VNG_RS12525, VNG_RS13775, VNG_RS12530, VNG_RS12535, VNG_RS12540, VNG_RS12545, VNG_RS12550, VNG_RS13780, VNG_RS12560, VNG_RS13785, VNG_RS14080, VNG_RS14085, VNG_RS12570, VNG_RS12575, VNG_RS14090, VNG_RS12580, VNG_RS13165, VNG_RS12595, VNG_RS12600, VNG_RS12605, VNG_RS12610, VNG_RS12615, VNG_RS14095, VNG_RS12620, VNG_RS12625, VNG_RS12630, VNG_RS12635, VNG_RS12640, VNG_RS12645, VNG_RS12650, VNG_RS12655, VNG_RS12660, VNG_RS12665, VNG_RS13800, VNG_RS12670, VNG_RS12675, VNG_RS12680, VNG_RS12685, VNG_RS12690, VNG_RS12695, VNG_RS12700, VNG_RS12705, VNG_RS12710, VNG_RS14100, VNG_RS12715, VNG_RS12720, VNG_RS12725, VNG_RS12730, VNG_RS12735, VNG_RS12740, VNG_RS12745, VNG_RS12750, VNG_RS12755, VNG_RS12760, VNG_RS12765, VNG_RS12770, VNG_RS12775, VNG_RS12780, VNG_RS14380, VNG_RS12790, VNG_RS14335, VNG_RS12795, VNG_RS12800, VNG_RS12805, VNG_RS13825, VNG_RS12815, VNG_RS12820, VNG_RS12825, VNG_RS14105, VNG_RS12830, VNG_RS12835, VNG_RS12840, VNG_RS12845, VNG_RS12850, VNG_RS12855, arsD, VNG_RS13830, VNG_RS12865, VNG_RS12870, VNG_RS12875, VNG_RS12880, VNG_RS12885, VNG_RS12890, VNG_RS12895, VNG_RS12900, VNG_RS12905, VNG_RS12910, VNG_RS14110, VNG_RS12920, VNG_RS14115, VNG_RS12925, VNG_RS13845, VNG_RS13850, VNG_RS14120, VNG_RS12935, VNG_RS13855, VNG_RS12945, VNG_RS12950, VNG_RS12955, VNG_RS12960, VNG_RS12965, VNG_RS13860, VNG_RS12970, fni, VNG_RS12980, VNG_RS13870, VNG_RS12990, VNG_RS13875, trxA, VNG_RS13010, VNG_RS13015, VNG_RS14340, VNG_RS13020, VNG_RS13025, VNG_RS13030, VNG_RS13035, VNG_RS13040, VNG_RS13045, VNG_RS13050, VNG_RS13055, VNG_RS13060, VNG_RS13065, VNG_RS13070, VNG_RS13075, VNG_RS13080, VNG_RS13085, VNG_RS13090, VNG_RS13095, VNG_RS13100, VNG_RS13105, VNG_RS13110, VNG_RS13115, VNG_RS13120, VNG_RS13125, VNG_RS13880, VNG_RS13145",1,1,1,0,coding,F,Knockout,0,0,0,0,0,1,0,0,0,0,0,0,0,0,0,0,0,0,0,0,0
INS,NC_002607,30407,​+C,coding (762/813 nt),VNG_RS00125 ←,IS5 family transposase,3,21,21,0,coding,T,Global,1,1,1,1,1,1,1,1,1,1,1,1,1,1,1,1,1,1,1,1,1
INS,NC_002607,30417,​+G,coding (752/813 nt),VNG_RS00125 ←,IS5 family transposase,4,21,21,0,coding,T,Global,1,1,1,1,1,1,1,1,1,1,1,1,1,1,1,1,1,1,1,1,1
INS,NC_002607,30429,​+G,coding (740/813 nt),VNG_RS00125 ←,IS5 family transposase,5,21,21,0,coding,T,Global,1,1,1,1,1,1,1,1,1,1,1,1,1,1,1,1,1,1,1,1,1
SNP,NC_002607,30520,G→T,H217N (CAC→AAC),VNG_RS00125 ←,IS5 family transposase,6,21,21,0,coding,T,Global,1,1,1,1,1,1,1,1,1,1,1,1,1,1,1,1,1,1,1,1,1
DEL,NC_002607,56173,Δ1413 bp,NA,VNG_RS00245,VNG_RS00245,7,21,21,0,coding,T,Global,1,1,1,1,1,1,1,1,1,1,1,1,1,1,1,1,1,1,1,1,1
DEL,NC_002607,99328,Δ1394 bp,NA,[VNG_RS00460]–VNG_RS00465,"[VNG_RS00460], VNG_RS00465",8,20,20,0,coding,T,Parental,1,0,1,1,1,1,1,1,1,1,1,1,1,1,1,1,1,1,1,1,1
DEL,NC_002607,112269,Δ426 bp,coding (23-448/453 nt),VNG_RS00550 →,histone family protein,9,2,2,1,,,Knockout,0,0,0,0,0,0,0,0,0,0,0,0,0,0,0,0,1,0,0,1,0
DEL,NC_002607,165161,Δ1164 bp,coding (10-1173/1182 nt),ftsZ ←,cell division protein FtsZ,10,1,1,1,,,Knockout,1,0,0,0,0,0,0,0,0,0,0,0,0,0,0,0,0,0,0,0,0
DEL,NC_002607,166350,Δ135 bp,coding (20-154/168 nt),VNG_RS00795 ←,ribbon-helix-helix domain-containing protein,11,1,1,1,,,Knockout,0,0,1,0,0,0,0,0,0,0,0,0,0,0,0,0,0,0,0,0,0
SNP,NC_002607,241900,A→C,H203P (CAC→CCC),trpB →,tryptophan synthase subunit beta,12,20,20,0,coding,F,Parental,1,0,1,1,1,1,1,1,1,1,1,1,1,1,1,1,1,1,1,1,1
DEL,NC_002607,409181,Δ411 bp,coding (23-433/435 nt),VNG_RS02065 →,metal-dependent transcriptional regulator,13,1,1,1,,,Knockout,0,0,0,1,0,0,0,0,0,0,0,0,0,0,0,0,0,0,0,0,0
DEL,NC_002607,412716,Δ678 bp,NA,[VNG_RS02090]–[VNG_RS02095],"[VNG_RS02090], [VNG_RS02095]",14,1,1,1,,,Knockout,0,0,0,0,1,0,0,0,0,0,0,0,0,0,0,0,0,0,0,0,0
DEL,NC_002607,425429,(C)6→5,coding (141/498 nt),VNG_RS14435 ←,hypothetical protein,15,21,21,0,coding,F,Global,1,1,1,1,1,1,1,1,1,1,1,1,1,1,1,1,1,1,1,1,1
DEL,NC_002607,456267,Δ87 bp,coding (186-272/402 nt),VNG_RS02360 →,hypothetical protein,16,1,1,0,coding,F,Knockout,0,0,0,0,0,0,1,0,0,0,0,0,0,0,0,0,0,0,0,0,0
DEL,NC_002607,460883,(G)5→4,pseudogene (128/982 nt),VNG_RS02395 →,PLP-dependent cysteine synthase family protein,17,21,21,0,noncoding,F,Global,1,1,1,1,1,1,1,1,1,1,1,1,1,1,1,1,1,1,1,1,1
DEL,NC_002607,553412,Δ954 bp,coding (22-975/978 nt),VNG_RS02880 ←,transcription initiation factor IIB,18,1,1,1,,,Knockout,0,0,0,0,0,0,0,0,0,0,0,0,1,0,0,0,0,0,0,0,0
DEL,NC_002607,586819,(C)5→4,pseudogene (1585/1894 nt),VNG_RS03055 →,DHH family phosphoesterase,19,21,21,0,noncoding,F,Global,1,1,1,1,1,1,1,1,1,1,1,1,1,1,1,1,1,1,1,1,1
DEL,NC_002607,633604,Δ339 bp,coding (21-359/363 nt),VNG_RS03275 ←,metal-dependent transcriptional regulator,20,1,1,1,,,Knockout,0,0,0,0,0,1,0,0,0,0,0,0,0,0,0,0,0,0,0,0,0
DEL,NC_002607,656542,Δ963 bp,coding (22-984/987 nt),VNG_RS03395 ←,transcription initiation factor IIB,21,1,1,1,,,Knockout,0,0,0,0,0,0,0,0,0,0,0,0,0,0,1,0,0,0,0,0,0
SNP,NC_002607,673215,C→T,A373V (GCG→GTG),gyrB →,DNA topoisomerase (ATP-hydrolyzing) subunit B,22,20,20,0,coding,F,Parental,1,0,1,1,1,1,1,1,1,1,1,1,1,1,1,1,1,1,1,1,1
SNP,NC_002607,711926,G→T,G74G (GGC→GGA),VNG_RS03635 ←,NADH:flavin oxidoreductase/NADH oxidase,23,1,1,0,synonymous,F,Knockout,0,0,0,0,0,1,0,0,0,0,0,0,0,0,0,0,0,0,0,0,0
DEL,NC_002607,714185,Δ1419 bp,coding (22-1440/1443 nt),VNG_RS03650 →,aldehyde dehydrogenase family protein,24,1,1,1,,,Knockout,0,0,0,0,0,0,1,0,0,0,0,0,0,0,0,0,0,0,0,0,0
DEL,NC_002607,771564,Δ531 bp,NA,VNG_RS13955,VNG_RS13955,25,20,20,0,coding,F,Parental,1,0,1,1,1,1,1,1,1,1,1,1,1,1,1,1,1,1,1,1,1
INS,NC_002607,786392,(TCGCGG)2→3,coding (421/555 nt),VNG_RS04005 →,hypothetical protein,26,1,1,0,coding,F,Knockout,0,0,0,0,0,0,0,0,0,0,0,0,0,0,0,0,0,0,0,0,1
DEL,NC_002607,815326,Δ3246 bp,coding (10-3255/3264 nt),VNG_RS04165 →,"oligosaccharyl transferase, archaeosortase A system-associated",27,1,1,1,,,Knockout,0,0,0,0,0,0,0,0,0,0,0,0,0,0,0,0,0,0,0,0,1
DEL,NC_002607,888620,Δ687 bp,NA,[VNG_RS04605],[VNG_RS04605],28,1,1,1,,,Knockout,0,0,0,0,0,0,0,1,0,0,0,0,0,0,0,0,0,0,0,0,0
SNP,NC_002607,1023692,A→C,S189R (AGC→CGC),VNG_RS05355 →,PAS domain S-box protein,29,21,21,0,coding,F,Global,1,1,1,1,1,1,1,1,1,1,1,1,1,1,1,1,1,1,1,1,1
DEL,NC_002607,1074899,Δ1059 bp,NA,[trmB],[trmB],30,1,1,1,,,Knockout,0,0,0,0,0,0,0,0,1,0,0,0,0,0,0,0,0,0,0,0,0
DEL,NC_002607,1184714,Δ1074 bp,NA,VNG_RS06170–[VNG_RS13350],"VNG_RS06170, [VNG_RS13350]",31,20,21,0,coding,T,Global,1,1,1,1,1,1,1,1,1,1,1,1,1,1,1,1,1,1,1,1,1
INS,NC_002607,1230902,​+C,intergenic (-203/-259),VNG_RS13975 ← / → VNG_RS06410,hypothetical protein/IS4-like element ISH8E family transposase,32,20,21,0,noncoding,F,Global,1,1,1,1,1,1,1,1,1,1,1,1,1,1,1,1,1,1,1,1,1
DEL,NC_002607,1245981,Δ1338 bp,NA,[VNG_RS06480]–[VNG_RS14230],"[VNG_RS06480], pyrF, [VNG_RS14230]",33,19,20,1,,,Parental,1,0,1,1,1,1,1,1,1,1,1,1,1,1,1,1,1,1,1,1,1
DEL,NC_002607,1356265,Δ186 bp,coding (23-208/210 nt),VNG_RS07115 →,cold shock domain-containing protein,34,1,1,1,,,Knockout,0,0,0,0,0,0,0,0,0,1,0,0,0,0,0,0,0,0,0,0,0
SNP,NC_002607,1390686,G→A,M1M (ATG→ATA)†,nadA →,quinolinate synthase NadA,35,1,1,0,coding,F,Knockout,0,0,0,0,0,0,0,1,0,0,0,0,0,0,0,0,0,0,0,0,0
DEL,NC_002607,1403283,(CGAAACC)2→1,coding (477-483/1800 nt),VNG_RS07355 →,ATP-binding protein,36,6,6,0,coding,F,Parental,1,0,1,0,0,0,0,0,0,0,0,0,0,0,0,0,1,1,1,1,0
SNP,NC_002607,1538335,C→T,S32L (TCG→TTG),lrp →,HTH-type transcriptional regulator Lrp,37,1,1,0,coding,F,Knockout,0,0,0,0,0,0,0,1,0,0,0,0,0,0,0,0,0,0,0,0,0
SNP,NC_002607,1617631,T→A,V260D (GTC→GAC),VNG_RS08505 →,hypothetical protein,38,1,1,0,coding,F,Knockout,0,0,0,0,0,0,0,0,0,0,0,1,0,0,0,0,0,0,0,0,0
DEL,NC_002607,1617651,Δ840 bp,coding (21-860/864 nt),VNG_RS08510 ←,transcription initiation factor IIB family protein,39,1,1,1,,,Knockout,0,0,0,0,0,0,0,0,0,0,0,1,0,0,0,0,0,0,0,0,0
DEL,NC_002607,1874257,Δ285 bp,coding (22-306/312 nt),VNG_RS09785 →,non-histone chromosomal MC1 family protein,40,2,2,1,,,Knockout,0,0,0,0,0,0,0,0,0,0,0,0,0,0,0,0,0,0,1,1,0
DEL,NC_002607,1933815,Δ414 bp,coding (21-434/438 nt),VNG_RS10085 ←,metal-dependent transcriptional regulator,41,1,1,1,,,Knockout,0,0,0,0,0,0,0,0,0,0,1,0,0,0,0,0,0,0,0,0,0
SNP,NC_002608,218403,G→A,P59S (CCC→TCC),VNG_RS11520 ←,hypothetical protein,42,20,20,0,coding,F,Parental,1,0,1,1,1,1,1,1,1,1,1,1,1,1,1,1,1,1,1,1,1
INS,NC_002608,244630,​+30 bp,intergenic (-213/+191),arcD ← / ← argF,arginine/ornithine antiporter ArcD/ornithine carbamoyltransferase,43,1,1,0,noncoding,F,Knockout,0,0,0,0,0,0,0,0,0,0,0,0,0,0,0,0,1,0,0,0,0
DEL,NC_002608,282130,Δ931 bp,coding (20-950/954 nt),VNG_RS11765 ←,transcription initiation factor IIB,44,1,1,1,,,Knockout,0,0,0,0,0,0,0,0,0,0,0,0,0,1,0,0,0,0,0,0,0
DEL,NC_002608,307402,Δ900 bp,coding (22-921/924 nt),VNG_RS11900 ←,transcription initiation factor IIB family protein,45,1,1,1,,,Knockout,0,0,0,0,0,0,0,0,0,0,0,0,0,0,0,1,0,0,0,0,0
