"type","seq_id","position","mutation","hv_5871-gDNA-S20_S24_L001","hv_5871-gDNA-S25_S29_L001","hv_5871-gDNA-S27_S31_L001","hv_5871-gDNA-S28_S32_L001","hv_5871-gDNA-S29_S33_L001","hv_5871-gDNA-S2_S6_L001","hv_5871-gDNA-S30_S34_L001","hv_5871-gDNA-S36_S40_L001","hv_5871-gDNA-S3_S7_L001","hv_aBL1","hv_B1_SS_Hfx_vol_hstA_HV253_gDNA_S20_L004","hv_C3_MMP_Hfx_vol_dsirR__gDNA_S37_L004","hv_E2_MMP_Hfx_vol_dideR__gDNA_S31_L004","hv_E7_MMP_Hfx_vol_dtroR__gDNA_S71_L004","hv_G5_SS_Hfx_vol_pyrE2_Hv28_gDNA_S57_L004","hv_HV325_3_SW_DS70DeltapyrE2_S1_L001","hv_HV326_2_SW_H26Deltahvo_0662_S2_L001","hv_HV327_1_SW_H26Deltahvo_0201_S3_L001","hv_HV328_1_SW_H26Deltahvo_1559_S4_L001","hv_HV329_2_SW_H26Deltahvo_2326_S5_L001","hv_HV330_2_SW_H26Deltahvo_2423_S6_L001","hv_HV331_2_SW_H26Deltahvo_2510_S7_L001","hv_HV332_1_SW_H26Deltahvo_2522_S8_L001","hv_HV333_1_SW_H26Deltahvo_2734_S9_L001","hv_HV334_2_SW_H26Deltahvo_2795_S10_L001","hv_HV335_1_SW_H26Deltahvo_2804_S11_L001","hv_HV336_1_SW_H26Deltahvo_2886_S12_L001","hv_HV337_1_SW_H119Deltatrh7-HVO_2507_S13_L001","hv_HV338_2_SW_H119DeltaSm1-HVO_2723_S14_L001","hv_HV339_2_SW_H119Deltatfb9-HVO_A0026_S15_L001","hv_HV340_1_SW_H119Deltatfb12-HVO_A0098_S16_L001","hv_HV341_1_SW_H119DeltaArcR14-HVO_B0040_S17_L001","hv_HV342_1_SW_H119DeltaArcR21-HVO_0320_S18_L001","hv_HV343_1_SW_DS70DeltapyrF_S19_L001","hv_HV352_1_SW_H555DeltaHVO_A0332_S24_L001","hv_HV353_1_SW_H555DeltaHVO_B0040_S25_L001","hv_Mar_DeltaarsR_2_S27_L001","hv_S2_S93_L002","hv_S4_S82_L002","annotation","gene","description"
"DEL","NC_013964","44953","Δ756 bp","0","0","0","0","0","0","0","0","0","0","0","0","0","0","0","0","0","0","0","0","0","0","0","0","0","0","0","0","0","0","0","0","1","0","0","0","0","0","0","coding (1-756/756 nt)","xacR ←","HTH-type transcriptional regulator XacR"
"DEL","NC_013964","44986","Δ696 bp","0","0","0","0","0","0","0","0","0","0","0","0","0","0","0","0","0","0","0","0","0","0","0","0","0","0","0","0","0","0","0","0","D","0","0","1","0","0","0","coding (28-723/756 nt)","xacR ←","HTH-type transcriptional regulator XacR"
"SNP","NC_013964","54772","C→T","0","0","1","0","0","0","0","0","0","0","0","0","0","0","0","0","0","0","0","0","0","0","0","0","0","0","0","0","0","0","0","0","0","0","0","0","0","0","0","G57D (GGC→GAC)","HVO_RS00220 ←","diaminobutyrate--2-oxoglutarate transaminase"
"SNP","NC_013964","86397","C→G","0","0","0","0","0","0","0","0","0","0","0","0","0","0","0","0","0","0","0","0","0","0","0","0","1","0","0","0","0","0","0","0","0","0","0","0","0","0","0","V18L (GTC→CTC)","HVO_RS00365 ←","hydantoinase/oxoprolinase family protein"
"SNP","NC_013964","170834","A→G","?","?","?","?","?","?","?","?","?","?","?","?","?","?","?","?","?","?","?","?","?","?","?","?","0","0","0","?","?","?","?","?","?","1","?","?","?","?","?","F140F (TTT→TTC)","HVO_RS00735 ←","ISH3 family transposase"
"INS","NC_013964","296779","​+GCGGGCAGCGGCC","1","1","1","1","1","1","1","1","1","0","1","1","1","1","1","1","1","0","1","1","1","0","0","1","1","1","0","0","1","1","1","1","0","1","1","1","1","?","1","pseudogene (366/980 nt)","HVO_RS01220 ←","transposase"
"SNP","NC_013964","359036","G→C","1","1","1","1","1","1","1","1","1","1","1","1","1","1","1","1","1","1","1","1","1","1","1","1","1","1","1","1","1","1","1","1","1","1","1","1","1","1","1","G309R (GGG→CGG)","HVO_RS01495 →","XdhC/CoxI family protein"
"INS","NC_013964","359040","​+G","1","1","1","1","1","1","1","1","1","1","1","1","1","1","1","1","1","1","1","1","1","1","1","1","1","1","1","1","1","1","1","1","1","1","1","1","1","1","1","coding (929/966 nt)","HVO_RS01495 →","XdhC/CoxI family protein"
"INS","NC_013964","359058","​+G","1","1","1","1","1","1","1","1","1","1","1","1","1","1","1","1","1","1","1","1","1","1","1","1","1","1","1","1","1","1","1","1","1","1","1","1","1","1","1","coding (947/966 nt)","HVO_RS01495 →","XdhC/CoxI family protein"
"INS","NC_013964","359102","​+G","1","1","1","1","1","1","1","1","1","1","1","1","1","1","1","1","1","1","1","1","1","1","1","1","1","1","1","1","1","1","1","1","1","1","1","1","1","1","1","intergenic (+25/-145)","HVO_RS01495 → / → HVO_RS01500","XdhC/CoxI family protein/nucleotidyltransferase family protein"
"INS","NC_013964","359135","​+C","1","1","1","1","0","1","1","1","1","1","1","1","1","1","1","1","1","1","1","1","1","1","1","1","1","1","1","1","1","1","1","1","1","1","1","1","1","1","1","intergenic (+58/-112)","HVO_RS01495 → / → HVO_RS01500","XdhC/CoxI family protein/nucleotidyltransferase family protein"
"DEL","NC_013964","368668","Δ768 bp","0","0","0","0","0","0","0","0","0","0","0","0","0","0","0","0","0","0","0","0","0","0","0","0","0","0","0","1","0","0","0","0","0","0","0","0","0","0","0","coding (1-768/768 nt)","HVO_RS01535 ←","IclR family transcriptional regulator"
"SNP","NC_013964","373026","C→T","0","0","0","0","0","0","0","0","0","0","0","0","0","0","0","0","0","0","0","0","0","0","0","0","0","0","0","0","0","0","0","0","0","0","0","0","0","?","1","intergenic (-182/-194)","HVO_RS01545 ← / → HVO_RS01550","hypothetical protein/Gfo/Idh/MocA family oxidoreductase"
"SNP","NC_013964","375483","C→T","0","0","0","0","0","0","0","0","0","0","0","0","0","0","0","0","0","0","0","0","0","0","0","0","0","0","0","0","0","1","0","0","0","0","0","0","0","0","0","T364M (ACG→ATG)","HVO_RS01555 →","DUF362 domain-containing protein"
"SNP","NC_013964","379314","G→A","1","0","0","0","0","0","0","0","0","0","0","0","0","0","0","0","0","0","0","0","0","0","0","0","0","0","0","0","0","0","0","0","0","0","0","0","0","0","0","intergenic (-121/-34)","HVO_RS01570 ← / → HVO_RS01575","hypothetical protein/ABC transporter substrate-binding protein"
"DEL","NC_013965","1","Δ6359 bp","1","1","1","1","1","1","1","1","1","0","1","1","1","1","1","1","1","1","1","1","1","1","1","1","1","1","1","1","1","1","1","1","1","1","1","1","1","1","1","","[HVO_RS01845]–[HVO_RS01845]","[HVO_RS01845], HVO_RS20735, HVO_RS01850, HVO_RS01855, HVO_RS01860, HVO_RS01865, [HVO_RS01845]"
"SNP","NC_013966","25175","G→A","0","0","0","0","0","0","0","0","0","?","0","0","0","1","0","0","0","0","0","0","0","0","0","0","0","0","0","0","0","0","0","0","0","0","0","0","0","?","0","K51K (AAG→AAA)","HVO_RS01975 →","hypothetical protein"
"DEL","NC_013966","25828","Δ923 bp","0","0","0","0","0","0","0","0","0","?","0","0","0","0","0","0","0","0","0","0","0","0","0","0","0","0","0","0","0","0","1","0","0","0","0","0","0","0","0","coding (1-923/927 nt)","HVO_RS01980 →","transcription initiation factor IIB family protein"
"SNP","NC_013966","86264","T→C","0","0","0","1","0","0","0","0","1","?","0","0","0","0","0","0","0","0","0","0","0","0","0","0","0","0","0","0","0","0","0","0","0","0","0","0","0","0","0","P309P (CCT→CCC)","HVO_RS02260 →","hypothetical protein"
"SNP","NC_013966","97253","C→T","0","0","0","0","0","0","0","0","0","?","0","0","0","1","0","0","0","0","0","0","0","0","0","0","0","0","0","0","0","0","0","0","0","0","0","0","0","?","?","intergenic (+235/-206)","HVO_RS02300 → / → HVO_RS02305","IclR family transcriptional regulator/hypothetical protein"
"DEL","NC_013966","105125","Δ276 bp","0","0","0","0","0","0","0","0","0","?","0","0","0","0","0","0","0","0","0","0","0","0","0","0","0","0","0","0","0","0","0","1","0","0","0","0","0","0","0","","[HVO_RS02330]","[HVO_RS02330]"
"DEL","NC_013966","148022","Δ1065 bp","0","1","0","0","0","0","0","0","0","0","0","0","0","0","0","0","0","0","0","0","0","0","0","0","0","0","0","0","0","0","0","0","0","0","0","0","0","0","0","","[HVO_RS02530]","[HVO_RS02530]"
"INS","NC_013966","168763","​+22 bp","0","0","0","0","0","0","0","0","0","0","0","1","0","0","0","0","0","0","0","0","0","0","0","0","0","0","0","0","0","0","0","0","0","0","0","0","0","0","0","intergenic (-247/-115)","HVO_RS02605 ← / → HVO_RS02610","sodium-dependent transporter/hypothetical protein"
"DEL","NC_013966","205338","Δ1520 bp","0","0","0","0","0","0","0","0","0","0","0","0","0","0","0","1","1","1","1","1","1","1","1","1","1","1","1","1","1","1","1","1","1","0","1","1","1","0","0","intergenic (+522/-1097)","HVO_RS02750 → / → cas6","asparagine synthase-related protein/CRISPR-associated endoribonuclease Cas6"
"SNP","NC_013966","282462","C→T","0","0","0","0","0","0","0","0","0","0","0","0","0","0","0","0","0","0","0","0","0","0","0","0","0","0","0","0","0","0","0","0","0","0","1","0","0","0","0","A461A (GCG→GCA)","HVO_RS03070 ←","carbohydrate kinase"
"INS","NC_013966","301148","​+36 bp","0","0","0","0","0","0","0","0","0","0","0","1","0","0","0","0","0","0","0","0","0","0","0","0","0","0","0","0","0","0","0","0","0","0","0","0","0","0","0","intergenic (+249/+496)","HVO_RS03145 → / ← HVO_RS03150","hypothetical protein/APC family permease"
"DEL","NC_013966","336474","Δ2077 bp","0","0","0","0","0","0","0","0","0","0","0","0","0","0","0","0","0","0","0","0","0","0","0","0","0","0","0","0","0","0","0","0","0","0","1","1","0","0","0","","[HVO_RS03315]","[HVO_RS03315]"
"DEL","NC_013966","342953","Δ660 bp","0","0","0","0","0","0","0","0","0","0","0","0","0","0","0","0","0","0","0","0","0","0","0","0","0","0","0","0","0","0","0","0","0","0","1","0","0","0","0","coding (43-702/771 nt)","HVO_RS03340 →","IclR family transcriptional regulator"
"DEL","NC_013966","413933","Δ1 bp","1","1","1","1","1","1","1","1","1","1","1","1","1","1","1","1","1","1","1","1","1","1","1","1","1","1","1","1","1","1","1","1","1","1","1","1","1","1","1","pseudogene (320/1147 nt)","HVO_RS03670 →","ISH3 family transposase"
"SUB","NC_013966","589456","1 bp →23 bp","0","0","0","0","0","0","0","0","0","0","0","1","0","0","0","0","0","0","0","0","0","0","0","0","0","0","0","0","0","0","0","0","0","0","0","0","0","0","0","intergenic (+526/+141)","HVO_RS04460 → / ← HVO_RS04465","IclR family transcriptional regulator/guanosine monophosphate reductase"
"SUB","NC_013966","589456","1 bp →21 bp","0","0","0","0","0","0","0","0","0","0","0","1","0","0","0","0","0","0","0","0","0","0","0","0","0","0","0","0","0","0","0","0","0","0","0","0","0","0","0","intergenic (+526/+141)","HVO_RS04460 → / ← HVO_RS04465","IclR family transcriptional regulator/guanosine monophosphate reductase"
"SNP","NC_013966","631510","G→A","0","0","0","0","0","0","0","0","0","0","0","0","0","0","0","0","0","0","0","0","0","0","0","0","0","0","0","1","1","1","1","1","1","0","0","0","0","0","0","V19I (GTC→ATC)","HVO_RS04690 →","M20 family metallopeptidase"
"SNP","NC_013967","22979","C→T","0","0","0","0","0","0","0","0","0","0","0","0","0","1","0","0","0","0","0","0","0","0","0","0","0","0","0","0","0","0","0","0","0","0","0","0","0","0","0","A157V (GCG→GTG)","HVO_RS04815 →","AI-2E family transporter"
"SNP","NC_013967","31720","C→T","1","1","1","1","1","1","1","1","1","0","1","1","1","1","1","1","1","1","1","1","1","1","1","1","1","1","1","1","1","1","1","1","1","1","1","1","1","1","1","P200P (CCC→CCT)","HVO_RS04855 →","sulfite exporter TauE/SafE family protein"
"SNP","NC_013967","54673","C→T","0","0","0","0","0","0","0","0","0","0","0","0","0","0","0","0","0","0","0","0","0","0","0","0","0","0","0","0","0","1","0","0","0","0","0","0","0","0","0","R96H (CGC→CAC)","HVO_RS04965 ←","CBS domain-containing protein"
"DEL","NC_013967","121296","Δ71 bp","0","0","0","0","0","0","0","0","0","0","0","0","0","0","0","0","0","0","0","0","1","0","0","0","0","0","0","0","0","0","0","0","0","0","0","0","0","0","0","","[HVO_RS05325]","[HVO_RS05325]"
"DEL","NC_013967","180589","Δ410 bp","0","0","0","0","0","0","0","0","0","0","0","0","0","0","0","0","0","1","0","0","0","0","0","0","0","0","0","0","0","0","0","0","0","0","0","0","0","0","0","coding (1-410/411 nt)","HVO_RS05680 ←","GNAT family N-acetyltransferase"
"DEL","NC_013967","274567","Δ43 bp","0","0","0","0","0","0","0","0","0","1","0","0","0","0","0","0","0","0","0","0","0","0","0","0","0","0","0","0","0","0","0","0","0","0","0","0","0","0","0","coding (945-987/1179 nt)","HVO_RS06180 ←","hypothetical protein"
"SUB","NC_013967","301694","575 bp →ATCC","1","1","1","1","1","1","1","1","1","0","1","1","1","1","1","1","1","1","1","1","1","1","1","1","1","1","1","1","1","1","1","1","1","0","1","1","1","1","1","","[pyrE]","[pyrE]"
"DEL","NC_013967","454920","Δ390 bp","0","0","0","0","0","0","0","0","0","0","1","0","0","0","0","0","0","0","0","0","0","0","0","0","0","0","0","0","0","0","0","0","0","0","0","0","0","0","0","coding (8-397/432 nt)","HVO_RS07220 →","NFYB/HAP3 family transcription factor subunit"
"DEL","NC_013967","468633","Δ431 bp","0","0","0","0","0","0","0","0","0","0","0","0","1","0","0","0","0","0","0","0","0","0","0","0","0","0","0","0","0","0","0","0","0","0","0","0","0","0","0","coding (2-432/435 nt)","HVO_RS07290 ←","metal-dependent transcriptional regulator"
"DEL","NC_013967","505103","Δ1050 bp","0","0","1","0","0","0","0","1","0","0","0","0","0","0","0","0","0","0","0","0","0","0","0","0","0","0","0","0","0","0","0","0","0","0","0","0","0","0","0","coding (22-1071/1071 nt)","HVO_RS07430 →","transcriptional regulator"
"SNP","NC_013967","583794","G→A","0","0","0","0","0","0","0","0","0","0","0","0","0","0","0","0","0","0","0","0","0","0","0","0","0","0","0","0","0","1","0","0","0","0","0","0","0","0","0","N25N (AAC→AAT)","HVO_RS07830 ←","prefoldin subunit beta"
"DEL","NC_013967","590774","Δ900 bp","0","0","0","0","0","0","0","0","0","0","0","0","0","0","0","0","1","0","0","0","0","0","0","0","0","0","0","0","0","0","0","0","0","0","0","0","0","0","0","coding (1-900/900 nt)","HVO_RS07885 →","helix-turn-helix domain-containing protein"
"DEL","NC_013967","597504","Δ48 bp","0","0","0","0","0","0","0","0","0","1","0","0","0","0","0","0","0","0","0","0","0","0","0","0","0","0","0","0","0","0","0","0","0","0","0","0","0","0","0","coding (146-193/1011 nt)","HVO_RS07915 ←","alpha-ketoacid dehydrogenase subunit beta"
"SUB","NC_013967","608154","876 bp →6 bp","0","0","0","1","0","0","0","0","1","0","0","0","0","0","0","0","0","0","0","0","0","0","0","0","0","0","0","0","0","0","0","0","0","0","0","0","0","0","0","coding (49-924/1005 nt)","HVO_RS07975 →","restriction endonuclease"
"DEL","NC_013967","638948","Δ1 bp","1","1","1","1","1","1","1","1","1","1","1","1","1","1","1","1","1","1","1","1","1","1","1","1","1","1","1","1","1","1","1","1","1","1","1","1","1","1","1","pseudogene (322/812 nt)","HVO_RS08125 ←","shikimate dehydrogenase"
"DEL","NC_013967","639012","Δ1 bp","1","1","1","1","1","1","1","1","1","1","1","1","1","1","1","1","1","1","1","1","1","1","1","1","1","1","1","1","1","1","1","1","1","1","1","1","1","1","1","pseudogene (258/812 nt)","HVO_RS08125 ←","shikimate dehydrogenase"
"SNP","NC_013967","639778","C→T","0","0","0","0","0","0","0","0","0","0","0","0","0","0","0","0","0","0","0","0","0","0","0","0","0","0","0","1","1","1","1","1","1","0","0","0","0","0","0","P113L (CCG→CTG)","HVO_RS08130 →","calcium/sodium antiporter"
"SUB","NC_013967","708763","748 bp →AATT","0","0","0","0","0","0","0","0","0","0","0","0","0","0","0","0","0","0","0","0","0","0","0","0","0","0","0","1","1","1","1","1","1","0","0","0","0","0","0","coding (35-782/834 nt)","trpA →","tryptophan synthase subunit alpha"
"DEL","NC_013967","739215","Δ692 bp","0","0","0","0","0","0","0","0","0","0","0","1","0","0","0","0","0","0","0","0","0","0","0","0","0","0","0","0","0","0","0","0","0","0","0","0","0","0","0","coding (4-695/696 nt)","HVO_RS08630 →","metal-dependent transcriptional regulator"
"DEL","NC_013967","778851","Δ453 bp","0","0","0","0","0","0","0","0","0","0","0","0","0","1","0","0","0","0","0","0","0","0","0","0","0","0","0","0","0","0","0","0","0","0","0","0","0","0","0","coding (1-453/453 nt)","HVO_RS08835 →","metal-dependent transcriptional regulator"
"SNP","NC_013967","829028","C→T","0","0","0","0","0","0","0","0","0","0","0","0","0","0","0","0","0","1","0","0","0","0","0","0","0","0","0","0","0","0","0","0","0","0","0","0","0","0","0","P402P (CCG→CCA)","HVO_RS09075 ←","MATE family efflux transporter"
"INS","NC_013967","851228","​+G","1","1","1","1","1","1","1","1","1","1","1","1","1","1","1","1","1","1","1","1","1","1","1","1","1","1","1","1","1","1","1","1","1","1","1","1","1","1","1","coding (300/477 nt)","HVO_RS09190 ←","universal stress protein"
"DEL","NC_013967","851237","Δ1 bp","1","1","1","1","1","1","1","0","1","1","1","1","1","1","1","1","1","1","1","1","1","1","1","1","1","1","1","1","1","1","1","1","1","1","1","1","1","1","0","coding (291/477 nt)","HVO_RS09190 ←","universal stress protein"
"DEL","NC_013967","936951","Δ1 bp","1","1","1","1","1","1","1","1","1","1","1","1","1","1","1","1","1","1","1","1","1","1","1","1","1","1","1","1","1","1","1","1","1","1","1","1","1","1","1","intergenic (-140/+29)","tatAo ← / ← HVO_RS09635","Sec-independent protein translocase protein TatAo/SDR family oxidoreductase"
"SNP","NC_013967","970322","G→A","0","0","0","0","0","0","0","0","0","0","0","0","0","0","0","0","0","0","0","0","0","0","0","0","0","1","0","0","0","0","0","0","0","0","0","0","0","0","0","intergenic (+84/-11)","HVO_RS09790 → / → coaBC","FAD-binding protein/bifunctional phosphopantothenoylcysteine decarboxylase/phosphopantothenate--cysteine ligase CoaBC"
"SNP","NC_013967","985862","G→T","1","1","1","1","1","1","1","1","1","0","1","1","1","1","1","1","1","1","1","1","1","1","1","1","1","1","1","1","1","1","1","1","1","1","1","1","1","?","1","S162Y (TCC→TAC)","HVO_RS09885 ←","hypothetical protein"
"DEL","NC_013967","1113955","Δ9 bp","0","0","0","0","0","0","0","0","0","1","0","0","0","0","0","0","0","0","0","0","0","0","0","0","0","0","0","0","0","0","0","0","0","0","0","0","0","0","0","coding (869-877/2271 nt)","HVO_RS10580 ←","chemotaxis protein CheA"
"DEL","NC_013967","1160642","Δ1089 bp","0","0","0","0","1","0","1","0","0","0","0","0","0","0","0","0","0","0","0","0","0","0","0","0","0","0","0","0","0","0","0","0","0","0","0","0","0","0","0","","[HVO_RS10815]","[HVO_RS10815]"
"SNP","NC_013967","1351878","G→A","0","0","0","0","0","0","0","0","0","1","0","0","0","0","0","0","0","0","0","0","0","0","0","0","0","0","0","0","0","0","0","0","0","0","0","0","0","0","0","P134P (CCG→CCA)","HVO_RS11850 →","universal stress protein"
"SUB","NC_013967","1370265","944 bp →TT","0","0","0","0","0","0","0","0","0","0","0","0","0","0","0","0","0","0","0","0","0","0","0","0","0","0","0","1","1","1","1","1","1","0","0","0","0","0","0","","[leuB]","[leuB]"
"DEL","NC_013967","1428724","Δ474 bp","0","0","0","0","0","0","0","0","0","0","0","0","0","0","0","0","0","0","1","0","0","0","0","0","0","0","0","0","0","0","0","0","0","0","0","0","0","0","0","coding (44-517/540 nt)","HVO_RS12190 ←","CBS domain-containing protein"
"SNP","NC_013967","1544914","T→A","0","0","0","0","0","0","0","0","0","0","0","0","0","0","0","0","0","0","0","0","0","0","0","0","0","0","0","0","0","1","0","0","0","0","0","0","0","0","0","I173F (ATC→TTC)","HVO_RS12805 ←","MFS transporter"
"SNP","NC_013967","1570326","C→T","0","0","0","0","0","0","0","0","0","0","0","0","0","0","0","0","0","0","0","0","0","0","0","0","0","0","1","0","0","0","0","0","0","0","0","0","0","0","0","G156G (GGC→GGT)","HVO_RS12910 →","ABC transporter ATP-binding protein"
"DEL","NC_013967","1633761","Δ378 bp","0","0","0","0","0","0","0","0","0","0","0","0","0","0","0","0","0","0","0","0","0","0","0","0","0","0","0","0","0","0","0","0","0","0","0","0","1","0","0","coding (1-378/384 nt)","HVO_RS13195 →","winged helix-turn-helix domain-containing protein"
"SNP","NC_013967","1633902","C→T","0","0","0","0","0","0","0","0","0","0","0","0","0","1","0","0","0","0","0","0","0","0","0","0","0","0","0","0","0","0","0","0","0","0","0","0","D","0","0","R48C (CGC→TGC)","HVO_RS13195 →","winged helix-turn-helix domain-containing protein"
"SNP","NC_013967","1665925","G→A","0","0","0","0","0","0","0","0","0","0","0","0","0","0","0","0","0","0","0","0","0","0","0","0","0","0","0","0","0","1","0","0","0","0","0","0","0","0","0","intergenic (-1/-150)","rnpB ← / → HVO_RS13355","RNase P RNA component/TIGR00296 family protein"
"SNP","NC_013967","1729163","C→T","0","0","0","0","0","0","0","0","1","0","0","0","0","0","0","0","0","0","0","0","0","0","0","0","0","0","0","0","0","0","0","0","0","0","0","0","0","0","0","F416F (TTC→TTT)","HVO_RS13680 →","heme-binding protein"
"SNP","NC_013967","1729169","C→T","0","0","0","0","0","0","0","0","1","0","0","0","0","0","0","0","0","0","0","0","0","0","0","0","0","0","0","0","0","0","0","0","0","0","0","0","0","0","0","T418T (ACC→ACT)","HVO_RS13680 →","heme-binding protein"
"SNP","NC_013967","1729176","T→C","0","0","0","0","0","0","0","0","1","0","0","0","0","0","0","0","0","0","0","0","0","0","0","0","0","0","0","0","0","0","0","0","0","0","0","0","0","0","0","S421P (TCC→CCC)","HVO_RS13680 →","heme-binding protein"
"SUB","NC_013967","1729181","2 bp →CT","0","0","0","0","0","0","0","0","1","0","0","0","0","0","0","0","0","0","0","0","0","0","0","0","0","0","0","0","0","0","0","0","0","0","0","0","0","0","0","coding (1266-1267/1506 nt)","HVO_RS13680 →","heme-binding protein"
"SNP","NC_013967","1729612","G→A","0","0","0","1","0","0","0","0","1","0","0","0","0","0","0","0","0","0","0","0","0","0","0","0","0","0","0","0","0","0","0","0","0","0","0","0","0","0","0","A80V (GCG→GTG)","HVO_RS13685 ←","hypothetical protein"
"SNP","NC_013967","1729698","C→T","0","0","0","1","0","0","0","0","1","0","0","0","0","0","0","0","0","0","0","0","0","0","0","0","0","0","0","0","0","0","0","0","0","0","0","0","0","0","0","A51A (GCG→GCA)","HVO_RS13685 ←","hypothetical protein"
"SNP","NC_013967","1730163","C→T","0","0","0","1","0","0","0","0","1","0","0","0","0","0","0","0","0","0","0","0","0","0","0","0","0","0","0","0","0","0","0","0","0","0","0","0","0","0","0","G47R (GGG→AGG)","HVO_RS20985 ←","hypothetical protein"
"INS","NC_013967","1733549","​+107 bp","?","?","?","?","?","?","?","?","?","0","?","?","?","?","?","0","0","0","0","0","0","0","0","0","0","0","0","0","0","1","0","0","0","0","0","0","0","?","?","intergenic (-163/-276)","HVO_RS13710 ← / → HVO_RS13715","tRNA-Gly/NAD+ synthase"
"DEL","NC_013967","1733550","Δ1 bp","?","?","?","?","?","?","?","?","?","1","?","?","?","?","?","1","1","1","1","1","1","1","1","1","1","1","1","1","1","0","1","1","1","1","1","1","1","?","?","intergenic (-164/-275)","HVO_RS13710 ← / → HVO_RS13715","tRNA-Gly/NAD+ synthase"
"SUB","NC_013967","1819388","1 bp →31 bp","0","0","0","0","0","0","0","0","0","0","0","0","0","0","1","0","0","0","0","0","0","0","0","0","0","0","0","0","0","0","0","0","0","0","0","0","0","0","0","intergenic (-61/+67)","HVO_RS14155 ← / ← HVO_RS14160","CDP-alcohol phosphatidyltransferase family protein/GNAT family N-acetyltransferase"
"INS","NC_013967","1819404","​+30 bp","0","0","0","0","0","0","0","0","0","0","0","0","0","0","1","0","0","0","0","0","0","0","0","0","0","0","0","0","0","0","0","0","0","0","0","0","0","0","0","intergenic (-77/+51)","HVO_RS14155 ← / ← HVO_RS14160","CDP-alcohol phosphatidyltransferase family protein/GNAT family N-acetyltransferase"
"DEL","NC_013967","1880343","Δ1119 bp","0","0","1","0","0","1","0","0","0","0","0","0","0","0","0","0","0","0","0","0","0","0","0","0","0","0","0","0","0","0","0","0","0","0","0","0","0","0","0","coding (1-1119/1119 nt)","HVO_RS14485 →","transcriptional regulator"
"INS","NC_013967","1905284","​+32 bp","0","0","0","0","0","0","0","0","0","0","0","1","0","0","0","0","0","0","0","0","0","0","0","0","0","0","0","0","0","0","0","0","0","0","0","0","0","0","?","intergenic (-88/-166)","HVO_RS20240 ← / → HVO_RS14580","flippase/dTDP-4-dehydrorhamnose 3,5-epimerase family protein"
"INS","NC_013967","1905286","​+41 bp","0","0","0","0","0","0","0","0","0","0","1","0","0","0","0","0","0","0","0","0","0","0","0","0","0","0","0","0","0","0","0","0","0","0","0","0","0","0","?","intergenic (-90/-164)","HVO_RS20240 ← / → HVO_RS14580","flippase/dTDP-4-dehydrorhamnose 3,5-epimerase family protein"
"INS","NC_013967","1905286","​+38 bp","0","0","0","0","0","0","0","0","0","0","0","0","0","1","0","0","0","0","0","0","0","0","0","0","0","0","0","0","0","0","0","0","0","0","0","0","0","0","?","intergenic (-90/-164)","HVO_RS20240 ← / → HVO_RS14580","flippase/dTDP-4-dehydrorhamnose 3,5-epimerase family protein"
"INS","NC_013967","1905286","​+38 bp","0","0","0","0","0","0","0","0","0","0","1","0","0","0","0","0","0","0","0","0","0","0","0","0","0","0","0","0","0","0","0","0","0","0","0","0","0","0","?","intergenic (-90/-164)","HVO_RS20240 ← / → HVO_RS14580","flippase/dTDP-4-dehydrorhamnose 3,5-epimerase family protein"
"SNP","NC_013967","1964337","G→A","0","0","0","0","0","0","0","0","0","0","0","1","0","0","0","0","0","0","0","0","0","0","0","0","0","0","0","0","0","0","0","0","0","0","0","0","0","0","0","intergenic (+84/+258)","HVO_RS14790 → / ← HVO_RS21035","intradiol ring-cleavage dioxygenase/hypothetical protein"
"DEL","NC_013967","2192272","Δ519 bp","0","0","0","0","0","0","0","0","0","0","0","0","0","0","0","0","0","0","0","1","0","0","0","0","0","0","0","0","0","0","0","0","0","0","0","0","0","0","0","","[HVO_RS15900]","[HVO_RS15900]"
"DEL","NC_013967","2292283","Δ539 bp","0","0","0","0","0","0","0","0","0","0","0","0","0","0","0","0","0","0","0","0","1","0","0","0","0","0","0","0","0","0","0","0","0","0","0","0","0","0","0","coding (2-540/540 nt)","HVO_RS16370 →","GNAT family N-acetyltransferase"
"DEL","NC_013967","2292838","Δ1 bp","0","0","0","0","0","0","0","0","0","0","0","0","0","0","0","0","0","0","0","0","1","0","0","0","0","0","0","0","0","0","0","0","0","0","0","0","0","0","0","intergenic (+17/+39)","HVO_RS16370 → / ← HVO_RS16375","GNAT family N-acetyltransferase/hypothetical protein"
"DEL","NC_013967","2338488","Δ1 bp","0","0","0","0","0","0","0","0","0","0","0","0","0","0","0","0","0","0","0","0","0","0","0","0","0","0","0","0","0","1","0","0","0","0","0","0","0","0","0","intergenic (+236/-27)","HVO_RS16600 → / → HVO_RS16605","SDR family oxidoreductase/sodium-dependent transporter"
"DEL","NC_013967","2373145","Δ414 bp","0","0","0","0","0","0","0","0","0","0","0","0","0","0","0","0","0","0","0","0","0","0","0","0","0","0","0","0","1","0","0","0","0","0","0","0","0","0","0","coding (1-414/414 nt)","HVO_RS16795 ←","Lrp/AsnC family transcriptional regulator"
"DEL","NC_013967","2376066","Δ869 bp","0","0","0","0","0","0","0","0","0","0","0","0","0","0","0","0","0","0","0","0","0","1","0","0","0","0","0","0","0","0","0","0","0","0","0","0","0","0","0","coding (14-882/915 nt)","HVO_RS16810 ←","GNAT family N-acetyltransferase"
"DEL","NC_013967","2385339","Δ865 bp","0","0","0","0","0","0","0","0","0","0","0","0","0","0","0","0","0","0","0","0","0","0","0","1","0","0","0","0","0","0","0","0","0","0","0","0","0","0","0","intergenic (+352/+671)","HVO_RS16860 → / ← HVO_RS16865","tRNA-Met/hemolysin family protein"
"DEL","NC_013967","2385406","Δ798 bp","0","0","0","0","0","0","0","0","0","0","0","0","0","0","0","0","0","0","0","0","0","0","0","D","0","0","0","0","0","1","0","0","0","0","0","0","0","0","0","intergenic (+419/+671)","HVO_RS16860 → / ← HVO_RS16865","tRNA-Met/hemolysin family protein"
"DEL","NC_013967","2388094","Δ463 bp","0","0","0","0","0","0","0","0","0","0","0","0","0","0","0","0","0","0","0","0","0","0","1","0","0","0","0","0","0","0","0","0","0","0","0","0","0","0","0","coding (7-469/471 nt)","HVO_RS16870 →","Lrp/AsnC family transcriptional regulator"
"DEL","NC_013967","2390431","Δ41 bp","0","0","0","1","0","0","0","0","0","0","0","0","0","0","0","0","0","0","0","0","0","0","0","0","0","0","0","0","0","0","0","0","0","0","0","0","0","0","0","coding (928-968/1020 nt)","HVO_RS16875 →","phytoene/squalene synthase family protein"
"SNP","NC_013967","2410564","A→G","1","1","1","1","1","1","1","1","1","1","1","1","1","1","1","1","1","1","1","1","1","1","1","1","1","1","1","1","1","1","1","1","1","1","1","1","1","1","1","L80P (CTT→CCT)","HVO_RS16995 ←","50S ribosomal protein L32e"
"SNP","NC_013967","2427611","C→T","0","0","0","0","0","0","0","0","0","0","0","0","0","0","0","0","0","0","0","0","0","0","0","0","0","0","0","0","0","0","0","0","0","1","0","0","0","0","0","A156T (GCC→ACC)","HVO_RS17140 ←","J domain-containing protein"
"SNP","NC_013967","2427815","C→T","0","0","0","0","?","0","0","0","0","0","0","0","0","0","0","0","0","0","0","0","0","0","0","0","0","0","0","0","0","0","0","0","0","1","0","0","0","0","0","G88S (GGT→AGT)","HVO_RS17140 ←","J domain-containing protein"
"DEL","NC_013967","2428026","Δ1 bp","0","0","0","0","0","0","0","0","0","0","0","0","0","0","0","0","0","0","0","0","0","0","0","0","0","0","0","0","0","0","0","0","0","1","0","0","0","0","0","coding (51/591 nt)","HVO_RS17140 ←","J domain-containing protein"
"SUB","NC_013967","2428040","925 bp →6 bp","0","0","0","0","0","0","0","0","0","0","0","0","0","0","0","0","0","0","0","0","0","0","0","0","0","0","0","0","0","0","0","0","0","1","0","0","0","0","0","","[HVO_RS17140]–[pyrF]","[HVO_RS17140], [pyrF]"
"SNP","NC_013967","2434714","C→T","0","0","0","1","0","0","0","0","1","0","0","0","0","0","0","0","0","0","0","0","0","0","0","0","0","0","0","0","0","0","0","0","0","0","0","0","0","0","0","intergenic (-17/-135)","HVO_RS17170 ← / → hmgA","amidohydrolase family protein/hydroxymethylglutaryl-CoA reductase (NADPH)"
"DEL","NC_013967","2534460","Δ1062 bp","0","0","0","0","1","0","0","0","0","0","0","0","0","0","0","0","0","0","0","0","0","0","0","0","0","0","0","0","0","0","0","0","0","0","0","0","0","1","0","","[HVO_RS17680]","[HVO_RS17680]"
"SUB","NC_013967","2568043","89 bp →5 bp","0","0","0","0","0","0","0","0","0","0","0","0","0","0","0","0","0","0","0","0","0","0","0","0","0","0","0","0","0","1","0","0","0","0","0","0","0","0","0","coding (50-138/231 nt)","HVO_RS17855 ←","snRNP-like protein"
"DEL","NC_013967","2579617","Δ734 bp","0","0","0","0","0","0","0","0","0","0","0","0","0","0","0","0","0","0","0","0","0","0","0","1","0","0","0","0","0","0","0","0","0","0","0","0","0","0","0","coding (2-735/735 nt)","HVO_RS17910 →","GNAT family N-acetyltransferase"
"SNP","NC_013967","2587801","G→T","0","0","0","0","0","0","0","0","0","0","0","0","0","0","0","0","0","0","0","0","0","1","0","0","0","0","0","0","0","0","0","0","0","0","0","0","0","0","0","S367S (TCC→TCA)","HVO_RS17965 ←","mechanosensitive ion channel family protein"
"DEL","NC_013967","2626819","Δ797 bp","0","0","0","0","0","0","0","0","0","0","0","0","0","0","0","0","0","0","0","0","0","0","0","0","1","0","0","0","0","0","0","0","0","0","0","0","0","0","0","","[HVO_RS18215]","[HVO_RS18215]"
"SNP","NC_013967","2628815","G→A","0","0","0","0","0","0","0","0","0","0","0","0","1","0","0","0","0","0","0","0","0","0","0","0","0","0","0","0","0","0","0","0","0","0","0","0","0","0","0","intergenic (-81/-106)","udk ← / → HVO_RS18230","uridine kinase/ABC transporter substrate-binding protein"
"DEL","NC_013967","2635565","Δ536 bp","0","0","0","0","0","0","0","0","0","0","0","0","0","0","0","0","0","0","0","0","0","0","0","0","0","1","0","0","0","0","0","0","0","0","0","0","0","0","0","","[HVO_RS18260]","[HVO_RS18260]"
"SNP","NC_013967","2636316","C→T","0","0","0","0","0","0","0","0","0","0","0","0","0","0","0","0","0","0","0","0","0","0","0","0","0","1","0","0","0","0","0","0","0","0","0","0","0","0","0","V109I (GTT→ATT)","HVO_RS18270 ←","hypothetical protein"
"SNP","NC_013967","2661207","C→T","0","0","0","1","0","0","0","0","1","0","0","0","0","0","0","0","0","0","0","0","0","0","0","0","0","0","0","0","0","0","0","0","0","0","0","0","0","0","0","T843M (ACG→ATG)","HVO_RS18370 →","UvrD-helicase domain-containing protein"
"INS","NC_013967","2666210","​+ATATATATTCAATATATTGA","0","0","0","0","0","0","0","0","0","0","1","0","0","0","0","0","0","0","0","0","0","0","0","0","0","0","0","0","0","0","0","0","0","0","0","0","0","0","?","intergenic (-210/+1058)","HVO_RS18385 ← / ← HVO_RS21335","IS4-like element ISHvo12 family transposase/hypothetical protein"
"DEL","NC_013967","2699415","Δ810 bp","0","0","0","0","0","0","0","0","0","0","0","0","0","0","0","0","0","0","0","0","0","0","0","0","0","0","0","0","0","0","0","0","0","0","0","0","0","0","1","coding (10-819/828 nt)","HVO_RS18535 ←","DUF5821 family protein"
"DEL","NC_013967","2724562","Δ443 bp","0","0","0","0","0","0","0","0","0","0","0","0","0","0","0","0","0","0","0","0","0","0","0","0","0","0","1","0","0","0","0","0","0","0","0","0","0","0","0","coding (2-444/444 nt)","HVO_RS18660 →","GNAT family N-acetyltransferase"
"SNP","NC_013967","2753790","G→A","0","0","0","1","0","0","0","0","1","0","0","0","0","0","0","0","0","0","0","0","0","0","0","0","0","0","0","0","0","0","0","0","0","0","0","0","0","0","0","S255S (TCG→TCA)","thyA →","thymidylate synthase"
"SNP","NC_013967","2753905","C→T","0","0","0","1","0","0","0","0","1","0","0","0","0","0","0","0","0","0","0","0","0","0","0","0","0","0","0","0","0","0","0","0","0","0","0","0","0","0","0","P294S (CCG→TCG)","thyA →","thymidylate synthase"
"SUB","NC_013967","2754030","587 bp →TAGC","0","0","0","1","0","0","0","0","1","0","0","0","0","0","0","0","0","0","0","0","0","0","0","0","0","0","0","0","0","0","0","0","0","0","0","0","0","0","0","","[HVO_RS18820]–[HVO_RS18825]","[HVO_RS18820], [HVO_RS18825]"
"SNP","NC_013967","2799177","C→T","0","0","0","0","0","0","0","0","0","0","0","0","0","0","0","0","0","0","0","0","0","0","0","0","0","0","0","0","0","0","0","0","0","1","0","0","0","0","0","R475W (CGG→TGG)","lpdA →","dihydrolipoyl dehydrogenase"
"DEL","NC_013967","2806048","Δ372 bp","1","0","0","0","0","0","0","0","0","0","0","0","0","0","0","0","0","0","0","0","0","0","0","0","0","0","0","0","0","0","0","0","0","0","0","0","0","0","0","coding (1-372/372 nt)","HVO_RS19070 ←","MarR family transcriptional regulator"
